[{"model": "example_2.country", "pk": 7, "fields": {"name": "Spain"}}, {"model": "example_2.country", "pk": 8, "fields": {"name": "UK"}}, {"model": "example_2.country", "pk": 9, "fields": {"name": "USA"}}, {"model": "example_2.author", "pk": 109, "fields": {"name": "Jennifer Stout", "country": 8}}, {"model": "example_2.author", "pk": 110, "fields": {"name": "Jim Sherman", "country": 8}}, {"model": "example_2.author", "pk": 111, "fields": {"name": "Teresa Taylor", "country": 9}}, {"model": "example_2.author", "pk": 112, "fields": {"name": "William Frederick", "country": 7}}, {"model": "example_2.author", "pk": 113, "fields": {"name": "Annette Edwards", "country": 7}}, {"model": "example_2.author", "pk": 114, "fields": {"name": "Melissa Jimenez", "country": 9}}, {"model": "example_2.author", "pk": 115, "fields": {"name": "Nicholas Ramos", "country": 8}}, {"model": "example_2.author", "pk": 116, "fields": {"name": "Justin Murillo", "country": 7}}, {"model": "example_2.author", "pk": 117, "fields": {"name": "Travis Savage", "country": 9}}, {"model": "example_2.book", "pk": 9991, "fields": {"title": "brand turn-key action-items", "author": 109}}, {"model": "example_2.book", "pk": 9992, "fields": {"title": "engineer virtual content", "author": 109}}, {"model": "example_2.book", "pk": 9993, "fields": {"title": "unleash plug-and-play functionalities", "author": 109}}, {"model": "example_2.book", "pk": 9994, "fields": {"title": "reinvent interactive networks", "author": 109}}, {"model": "example_2.book", "pk": 9995, "fields": {"title": "reinvent cross-platform applications", "author": 109}}, {"model": "example_2.book", "pk": 9996, "fields": {"title": "orchestrate plug-and-play communities", "author": 109}}, {"model": "example_2.book", "pk": 9997, "fields": {"title": "engineer granular experiences", "author": 109}}, {"model": "example_2.book", "pk": 9998, "fields": {"title": "enhance collaborative eyeballs", "author": 109}}, {"model": "example_2.book", "pk": 9999, "fields": {"title": "mesh transparent niches", "author": 109}}, {"model": "example_2.book", "pk": 10000, "fields": {"title": "synthesize mission-critical channels", "author": 109}}, {"model": "example_2.book", "pk": 10001, "fields": {"title": "deliver magnetic relationships", "author": 110}}, {"model": "example_2.book", "pk": 10002, "fields": {"title": "architect out-of-the-box infrastructures", "author": 110}}, {"model": "example_2.book", "pk": 10003, "fields": {"title": "unleash magnetic schemas", "author": 110}}, {"model": "example_2.book", "pk": 10004, "fields": {"title": "engage cutting-edge deliverables", "author": 110}}, {"model": "example_2.book", "pk": 10005, "fields": {"title": "visualize end-to-end e-business", "author": 110}}, {"model": "example_2.book", "pk": 10006, "fields": {"title": "integrate out-of-the-box web-readiness", "author": 110}}, {"model": "example_2.book", "pk": 10007, "fields": {"title": "syndicate wireless schemas", "author": 110}}, {"model": "example_2.book", "pk": 10008, "fields": {"title": "architect enterprise e-markets", "author": 110}}, {"model": "example_2.book", "pk": 10009, "fields": {"title": "streamline turn-key schemas", "author": 110}}, {"model": "example_2.book", "pk": 10010, "fields": {"title": "deploy viral convergence", "author": 110}}, {"model": "example_2.book", "pk": 10011, "fields": {"title": "deliver web-enabled users", "author": 111}}, {"model": "example_2.book", "pk": 10012, "fields": {"title": "whiteboard value-added e-tailers", "author": 111}}, {"model": "example_2.book", "pk": 10013, "fields": {"title": "embrace back-end metrics", "author": 111}}, {"model": "example_2.book", "pk": 10014, "fields": {"title": "brand cutting-edge communities", "author": 111}}, {"model": "example_2.book", "pk": 10015, "fields": {"title": "envisioneer best-of-breed solutions", "author": 111}}, {"model": "example_2.book", "pk": 10016, "fields": {"title": "facilitate leading-edge portals", "author": 111}}, {"model": "example_2.book", "pk": 10017, "fields": {"title": "synergize front-end applications", "author": 111}}, {"model": "example_2.book", "pk": 10018, "fields": {"title": "orchestrate web-enabled users", "author": 111}}, {"model": "example_2.book", "pk": 10019, "fields": {"title": "incentivize revolutionary architectures", "author": 111}}, {"model": "example_2.book", "pk": 10020, "fields": {"title": "re-contextualize vertical action-items", "author": 111}}, {"model": "example_2.book", "pk": 10021, "fields": {"title": "whiteboard best-of-breed eyeballs", "author": 112}}, {"model": "example_2.book", "pk": 10022, "fields": {"title": "disintermediate wireless solutions", "author": 112}}, {"model": "example_2.book", "pk": 10023, "fields": {"title": "iterate impactful channels", "author": 112}}, {"model": "example_2.book", "pk": 10024, "fields": {"title": "engage e-business e-tailers", "author": 112}}, {"model": "example_2.book", "pk": 10025, "fields": {"title": "grow distributed models", "author": 112}}, {"model": "example_2.book", "pk": 10026, "fields": {"title": "innovate viral convergence", "author": 112}}, {"model": "example_2.book", "pk": 10027, "fields": {"title": "envisioneer holistic functionalities", "author": 112}}, {"model": "example_2.book", "pk": 10028, "fields": {"title": "synthesize compelling eyeballs", "author": 112}}, {"model": "example_2.book", "pk": 10029, "fields": {"title": "leverage leading-edge relationships", "author": 112}}, {"model": "example_2.book", "pk": 10030, "fields": {"title": "revolutionize intuitive schemas", "author": 112}}, {"model": "example_2.book", "pk": 10031, "fields": {"title": "optimize innovative content", "author": 113}}, {"model": "example_2.book", "pk": 10032, "fields": {"title": "integrate efficient info-mediaries", "author": 113}}, {"model": "example_2.book", "pk": 10033, "fields": {"title": "optimize cross-media bandwidth", "author": 113}}, {"model": "example_2.book", "pk": 10034, "fields": {"title": "facilitate dot-com paradigms", "author": 113}}, {"model": "example_2.book", "pk": 10035, "fields": {"title": "optimize e-business functionalities", "author": 113}}, {"model": "example_2.book", "pk": 10036, "fields": {"title": "transform ubiquitous partnerships", "author": 113}}, {"model": "example_2.book", "pk": 10037, "fields": {"title": "incubate user-centric technologies", "author": 113}}, {"model": "example_2.book", "pk": 10038, "fields": {"title": "visualize ubiquitous systems", "author": 113}}, {"model": "example_2.book", "pk": 10039, "fields": {"title": "leverage interactive deliverables", "author": 113}}, {"model": "example_2.book", "pk": 10040, "fields": {"title": "target wireless schemas", "author": 113}}, {"model": "example_2.book", "pk": 10041, "fields": {"title": "generate 24/365 applications", "author": 114}}, {"model": "example_2.book", "pk": 10042, "fields": {"title": "reinvent killer architectures", "author": 114}}, {"model": "example_2.book", "pk": 10043, "fields": {"title": "target collaborative content", "author": 114}}, {"model": "example_2.book", "pk": 10044, "fields": {"title": "optimize dynamic infrastructures", "author": 114}}, {"model": "example_2.book", "pk": 10045, "fields": {"title": "benchmark distributed metrics", "author": 114}}, {"model": "example_2.book", "pk": 10046, "fields": {"title": "optimize interactive info-mediaries", "author": 114}}, {"model": "example_2.book", "pk": 10047, "fields": {"title": "e-enable ubiquitous applications", "author": 114}}, {"model": "example_2.book", "pk": 10048, "fields": {"title": "extend integrated paradigms", "author": 114}}, {"model": "example_2.book", "pk": 10049, "fields": {"title": "aggregate sticky applications", "author": 114}}, {"model": "example_2.book", "pk": 10050, "fields": {"title": "leverage intuitive systems", "author": 114}}, {"model": "example_2.book", "pk": 10051, "fields": {"title": "morph back-end niches", "author": 115}}, {"model": "example_2.book", "pk": 10052, "fields": {"title": "grow integrated infrastructures", "author": 115}}, {"model": "example_2.book", "pk": 10053, "fields": {"title": "iterate compelling e-services", "author": 115}}, {"model": "example_2.book", "pk": 10054, "fields": {"title": "leverage value-added e-services", "author": 115}}, {"model": "example_2.book", "pk": 10055, "fields": {"title": "streamline global eyeballs", "author": 115}}, {"model": "example_2.book", "pk": 10056, "fields": {"title": "orchestrate holistic applications", "author": 115}}, {"model": "example_2.book", "pk": 10057, "fields": {"title": "empower cross-platform niches", "author": 115}}, {"model": "example_2.book", "pk": 10058, "fields": {"title": "incentivize granular mindshare", "author": 115}}, {"model": "example_2.book", "pk": 10059, "fields": {"title": "seize efficient portals", "author": 115}}, {"model": "example_2.book", "pk": 10060, "fields": {"title": "scale impactful content", "author": 115}}, {"model": "example_2.book", "pk": 10061, "fields": {"title": "productize rich eyeballs", "author": 116}}, {"model": "example_2.book", "pk": 10062, "fields": {"title": "exploit frictionless architectures", "author": 116}}, {"model": "example_2.book", "pk": 10063, "fields": {"title": "disintermediate front-end content", "author": 116}}, {"model": "example_2.book", "pk": 10064, "fields": {"title": "harness turn-key content", "author": 116}}, {"model": "example_2.book", "pk": 10065, "fields": {"title": "leverage integrated solutions", "author": 116}}, {"model": "example_2.book", "pk": 10066, "fields": {"title": "leverage end-to-end niches", "author": 116}}, {"model": "example_2.book", "pk": 10067, "fields": {"title": "productize cross-media markets", "author": 116}}, {"model": "example_2.book", "pk": 10068, "fields": {"title": "drive impactful e-tailers", "author": 116}}, {"model": "example_2.book", "pk": 10069, "fields": {"title": "optimize front-end partnerships", "author": 116}}, {"model": "example_2.book", "pk": 10070, "fields": {"title": "generate 24/365 channels", "author": 116}}, {"model": "example_2.book", "pk": 10071, "fields": {"title": "re-intermediate real-time schemas", "author": 117}}, {"model": "example_2.book", "pk": 10072, "fields": {"title": "transform 24/365 e-commerce", "author": 117}}, {"model": "example_2.book", "pk": 10073, "fields": {"title": "repurpose real-time deliverables", "author": 117}}, {"model": "example_2.book", "pk": 10074, "fields": {"title": "deploy transparent bandwidth", "author": 117}}, {"model": "example_2.book", "pk": 10075, "fields": {"title": "utilize robust web services", "author": 117}}, {"model": "example_2.book", "pk": 10076, "fields": {"title": "leverage strategic applications", "author": 117}}, {"model": "example_2.book", "pk": 10077, "fields": {"title": "mesh distributed web-readiness", "author": 117}}, {"model": "example_2.book", "pk": 10078, "fields": {"title": "embrace robust metrics", "author": 117}}, {"model": "example_2.book", "pk": 10079, "fields": {"title": "brand proactive eyeballs", "author": 117}}, {"model": "example_2.book", "pk": 10080, "fields": {"title": "integrate end-to-end architectures", "author": 117}}]