[
{
  "model": "rest.grandparent",
  "pk": 1,
  "fields": {
    "name": "Angela Jensen"
  }
},
{
  "model": "rest.grandparent",
  "pk": 2,
  "fields": {
    "name": "Evan Hall"
  }
},
{
  "model": "rest.grandparent",
  "pk": 3,
  "fields": {
    "name": "Sara Chaney"
  }
},
{
  "model": "rest.grandparent",
  "pk": 4,
  "fields": {
    "name": "Casey Wise"
  }
},
{
  "model": "rest.grandparent",
  "pk": 5,
  "fields": {
    "name": "Toni Jones"
  }
},
{
  "model": "rest.grandparent",
  "pk": 6,
  "fields": {
    "name": "Hannah Rice"
  }
},
{
  "model": "rest.grandparent",
  "pk": 7,
  "fields": {
    "name": "David Harris"
  }
},
{
  "model": "rest.grandparent",
  "pk": 8,
  "fields": {
    "name": "Austin Thomas"
  }
},
{
  "model": "rest.grandparent",
  "pk": 9,
  "fields": {
    "name": "Jerome Johnson"
  }
},
{
  "model": "rest.grandparent",
  "pk": 10,
  "fields": {
    "name": "Matthew Lee"
  }
},
{
  "model": "rest.grandparent",
  "pk": 11,
  "fields": {
    "name": "Maria Trujillo"
  }
},
{
  "model": "rest.grandparent",
  "pk": 12,
  "fields": {
    "name": "Peter Powell PhD"
  }
},
{
  "model": "rest.grandparent",
  "pk": 13,
  "fields": {
    "name": "Diana Bowman"
  }
},
{
  "model": "rest.grandparent",
  "pk": 14,
  "fields": {
    "name": "John Price"
  }
},
{
  "model": "rest.grandparent",
  "pk": 15,
  "fields": {
    "name": "Rebecca Pearson"
  }
},
{
  "model": "rest.grandparent",
  "pk": 16,
  "fields": {
    "name": "Logan Sanchez"
  }
},
{
  "model": "rest.grandparent",
  "pk": 17,
  "fields": {
    "name": "Lisa Graham"
  }
},
{
  "model": "rest.grandparent",
  "pk": 18,
  "fields": {
    "name": "Sarah Montgomery"
  }
},
{
  "model": "rest.grandparent",
  "pk": 19,
  "fields": {
    "name": "Bradley Sanders"
  }
},
{
  "model": "rest.grandparent",
  "pk": 20,
  "fields": {
    "name": "Jean Cox"
  }
},
{
  "model": "rest.grandparent",
  "pk": 21,
  "fields": {
    "name": "Mark Terry"
  }
},
{
  "model": "rest.grandparent",
  "pk": 22,
  "fields": {
    "name": "Carrie Roy"
  }
},
{
  "model": "rest.grandparent",
  "pk": 23,
  "fields": {
    "name": "Angela Vargas"
  }
},
{
  "model": "rest.grandparent",
  "pk": 24,
  "fields": {
    "name": "Francisco Nichols"
  }
},
{
  "model": "rest.grandparent",
  "pk": 25,
  "fields": {
    "name": "Krystal Myers"
  }
},
{
  "model": "rest.parent",
  "pk": 1,
  "fields": {
    "name": "Jason Barnett",
    "parent": 23
  }
},
{
  "model": "rest.parent",
  "pk": 2,
  "fields": {
    "name": "Jessica Richardson",
    "parent": 3
  }
},
{
  "model": "rest.parent",
  "pk": 3,
  "fields": {
    "name": "Jennifer Paul",
    "parent": 23
  }
},
{
  "model": "rest.parent",
  "pk": 4,
  "fields": {
    "name": "Joy Ramsey",
    "parent": 21
  }
},
{
  "model": "rest.parent",
  "pk": 5,
  "fields": {
    "name": "Caitlin Nelson",
    "parent": 15
  }
},
{
  "model": "rest.parent",
  "pk": 6,
  "fields": {
    "name": "Keith Fisher",
    "parent": 14
  }
},
{
  "model": "rest.parent",
  "pk": 7,
  "fields": {
    "name": "Mr. Adrian Walker",
    "parent": 21
  }
},
{
  "model": "rest.parent",
  "pk": 8,
  "fields": {
    "name": "Kimberly Nelson PhD",
    "parent": 5
  }
},
{
  "model": "rest.parent",
  "pk": 9,
  "fields": {
    "name": "Nicholas Jones",
    "parent": 24
  }
},
{
  "model": "rest.parent",
  "pk": 10,
  "fields": {
    "name": "Paige Madden",
    "parent": 21
  }
},
{
  "model": "rest.parent",
  "pk": 11,
  "fields": {
    "name": "Christina Gallagher",
    "parent": 6
  }
},
{
  "model": "rest.parent",
  "pk": 12,
  "fields": {
    "name": "Jeffrey Levy",
    "parent": 18
  }
},
{
  "model": "rest.parent",
  "pk": 13,
  "fields": {
    "name": "Reginald Wells",
    "parent": 3
  }
},
{
  "model": "rest.parent",
  "pk": 14,
  "fields": {
    "name": "Tiffany Hammond",
    "parent": 13
  }
},
{
  "model": "rest.parent",
  "pk": 15,
  "fields": {
    "name": "Tara Arellano",
    "parent": 15
  }
},
{
  "model": "rest.parent",
  "pk": 16,
  "fields": {
    "name": "Kristen Garcia",
    "parent": 13
  }
},
{
  "model": "rest.parent",
  "pk": 17,
  "fields": {
    "name": "Nicole Valdez",
    "parent": 5
  }
},
{
  "model": "rest.parent",
  "pk": 18,
  "fields": {
    "name": "Heather Malone",
    "parent": 9
  }
},
{
  "model": "rest.parent",
  "pk": 19,
  "fields": {
    "name": "Ryan Robertson",
    "parent": 3
  }
},
{
  "model": "rest.parent",
  "pk": 20,
  "fields": {
    "name": "Kristen Sutton",
    "parent": 18
  }
},
{
  "model": "rest.parent",
  "pk": 21,
  "fields": {
    "name": "Elizabeth Taylor",
    "parent": 22
  }
},
{
  "model": "rest.parent",
  "pk": 22,
  "fields": {
    "name": "Mr. Steven Perez",
    "parent": 8
  }
},
{
  "model": "rest.parent",
  "pk": 23,
  "fields": {
    "name": "Edward Chang",
    "parent": 6
  }
},
{
  "model": "rest.parent",
  "pk": 24,
  "fields": {
    "name": "Jeremy Atkinson",
    "parent": 16
  }
},
{
  "model": "rest.parent",
  "pk": 25,
  "fields": {
    "name": "Brenda Davis",
    "parent": 24
  }
},
{
  "model": "rest.parent",
  "pk": 26,
  "fields": {
    "name": "Cynthia Mata",
    "parent": 20
  }
},
{
  "model": "rest.parent",
  "pk": 27,
  "fields": {
    "name": "John Robinson",
    "parent": 23
  }
},
{
  "model": "rest.parent",
  "pk": 28,
  "fields": {
    "name": "Anthony Glass",
    "parent": 4
  }
},
{
  "model": "rest.parent",
  "pk": 29,
  "fields": {
    "name": "Scott Bailey DVM",
    "parent": 1
  }
},
{
  "model": "rest.parent",
  "pk": 30,
  "fields": {
    "name": "Michael Wright",
    "parent": 23
  }
},
{
  "model": "rest.parent",
  "pk": 31,
  "fields": {
    "name": "Damon Hill",
    "parent": 11
  }
},
{
  "model": "rest.parent",
  "pk": 32,
  "fields": {
    "name": "Hannah Crawford",
    "parent": 21
  }
},
{
  "model": "rest.parent",
  "pk": 33,
  "fields": {
    "name": "Daniel Fisher",
    "parent": 5
  }
},
{
  "model": "rest.parent",
  "pk": 34,
  "fields": {
    "name": "Juan Delgado",
    "parent": 25
  }
},
{
  "model": "rest.parent",
  "pk": 35,
  "fields": {
    "name": "Mr. Benjamin Garcia MD",
    "parent": 17
  }
},
{
  "model": "rest.parent",
  "pk": 36,
  "fields": {
    "name": "Jason Young",
    "parent": 5
  }
},
{
  "model": "rest.parent",
  "pk": 37,
  "fields": {
    "name": "Alicia Olson",
    "parent": 16
  }
},
{
  "model": "rest.parent",
  "pk": 38,
  "fields": {
    "name": "Lauren Graham",
    "parent": 18
  }
},
{
  "model": "rest.parent",
  "pk": 39,
  "fields": {
    "name": "Andre Wilson MD",
    "parent": 24
  }
},
{
  "model": "rest.parent",
  "pk": 40,
  "fields": {
    "name": "Carlos Ortiz",
    "parent": 2
  }
},
{
  "model": "rest.parent",
  "pk": 41,
  "fields": {
    "name": "Craig Nelson",
    "parent": 25
  }
},
{
  "model": "rest.parent",
  "pk": 42,
  "fields": {
    "name": "Lauren Walls",
    "parent": 18
  }
},
{
  "model": "rest.parent",
  "pk": 43,
  "fields": {
    "name": "Tracy Curtis",
    "parent": 4
  }
},
{
  "model": "rest.parent",
  "pk": 44,
  "fields": {
    "name": "Jason Andrade",
    "parent": 17
  }
},
{
  "model": "rest.parent",
  "pk": 45,
  "fields": {
    "name": "David Lopez",
    "parent": 9
  }
},
{
  "model": "rest.parent",
  "pk": 46,
  "fields": {
    "name": "Richard Rodriguez",
    "parent": 17
  }
},
{
  "model": "rest.parent",
  "pk": 47,
  "fields": {
    "name": "Keith Olson",
    "parent": 24
  }
},
{
  "model": "rest.parent",
  "pk": 48,
  "fields": {
    "name": "Jose Beck",
    "parent": 3
  }
},
{
  "model": "rest.parent",
  "pk": 49,
  "fields": {
    "name": "Michael Johnson",
    "parent": 1
  }
},
{
  "model": "rest.parent",
  "pk": 50,
  "fields": {
    "name": "Stephanie Davis",
    "parent": 3
  }
},
{
  "model": "rest.child",
  "pk": 1,
  "fields": {
    "name": "Mr. Spencer Lee DDS",
    "parent": 1,
    "grandparent": 23
  }
},
{
  "model": "rest.child",
  "pk": 2,
  "fields": {
    "name": "Calvin Murphy",
    "parent": 3,
    "grandparent": 23
  }
},
{
  "model": "rest.child",
  "pk": 3,
  "fields": {
    "name": "William Haynes",
    "parent": 3,
    "grandparent": 23
  }
},
{
  "model": "rest.child",
  "pk": 4,
  "fields": {
    "name": "Cindy Mitchell MD",
    "parent": 1,
    "grandparent": 23
  }
},
{
  "model": "rest.child",
  "pk": 5,
  "fields": {
    "name": "Cynthia Johnson",
    "parent": 1,
    "grandparent": 23
  }
},
{
  "model": "rest.child",
  "pk": 6,
  "fields": {
    "name": "Maria Garcia",
    "parent": 3,
    "grandparent": 23
  }
},
{
  "model": "rest.child",
  "pk": 7,
  "fields": {
    "name": "John Townsend",
    "parent": 2,
    "grandparent": 3
  }
},
{
  "model": "rest.child",
  "pk": 8,
  "fields": {
    "name": "Cynthia Greene",
    "parent": 3,
    "grandparent": 23
  }
},
{
  "model": "rest.child",
  "pk": 9,
  "fields": {
    "name": "Kelly Valenzuela",
    "parent": 1,
    "grandparent": 23
  }
},
{
  "model": "rest.child",
  "pk": 10,
  "fields": {
    "name": "Dennis Mccall",
    "parent": 2,
    "grandparent": 3
  }
},
{
  "model": "rest.child",
  "pk": 11,
  "fields": {
    "name": "Victor Warren Jr.",
    "parent": 1,
    "grandparent": 23
  }
},
{
  "model": "rest.child",
  "pk": 12,
  "fields": {
    "name": "Alan Vargas",
    "parent": 1,
    "grandparent": 23
  }
},
{
  "model": "rest.child",
  "pk": 13,
  "fields": {
    "name": "Robert White",
    "parent": 2,
    "grandparent": 3
  }
},
{
  "model": "rest.child",
  "pk": 14,
  "fields": {
    "name": "Joshua Murray",
    "parent": 1,
    "grandparent": 23
  }
},
{
  "model": "rest.child",
  "pk": 15,
  "fields": {
    "name": "Jared Roy",
    "parent": 1,
    "grandparent": 23
  }
},
{
  "model": "rest.child",
  "pk": 16,
  "fields": {
    "name": "Toni Rodriguez",
    "parent": 2,
    "grandparent": 3
  }
},
{
  "model": "rest.child",
  "pk": 17,
  "fields": {
    "name": "Timothy Coleman",
    "parent": 1,
    "grandparent": 23
  }
},
{
  "model": "rest.child",
  "pk": 18,
  "fields": {
    "name": "Michelle Garcia",
    "parent": 3,
    "grandparent": 23
  }
},
{
  "model": "rest.child",
  "pk": 19,
  "fields": {
    "name": "Karen Moore",
    "parent": 3,
    "grandparent": 23
  }
},
{
  "model": "rest.child",
  "pk": 20,
  "fields": {
    "name": "Glenn Henry",
    "parent": 2,
    "grandparent": 3
  }
},
{
  "model": "rest.child",
  "pk": 21,
  "fields": {
    "name": "Tony Casey",
    "parent": 3,
    "grandparent": 23
  }
},
{
  "model": "rest.child",
  "pk": 22,
  "fields": {
    "name": "Melvin Taylor",
    "parent": 1,
    "grandparent": 23
  }
},
{
  "model": "rest.child",
  "pk": 23,
  "fields": {
    "name": "Selena West",
    "parent": 3,
    "grandparent": 23
  }
},
{
  "model": "rest.child",
  "pk": 24,
  "fields": {
    "name": "Jacob Gross",
    "parent": 1,
    "grandparent": 23
  }
},
{
  "model": "rest.child",
  "pk": 25,
  "fields": {
    "name": "Emily Valentine",
    "parent": 1,
    "grandparent": 23
  }
},
{
  "model": "rest.child",
  "pk": 26,
  "fields": {
    "name": "Mark Reyes",
    "parent": 1,
    "grandparent": 23
  }
},
{
  "model": "rest.child",
  "pk": 27,
  "fields": {
    "name": "Jordan Lee",
    "parent": 2,
    "grandparent": 3
  }
},
{
  "model": "rest.child",
  "pk": 28,
  "fields": {
    "name": "Nicole Jones",
    "parent": 1,
    "grandparent": 23
  }
},
{
  "model": "rest.child",
  "pk": 29,
  "fields": {
    "name": "Sharon Graham",
    "parent": 2,
    "grandparent": 3
  }
},
{
  "model": "rest.child",
  "pk": 30,
  "fields": {
    "name": "Amy Lowe",
    "parent": 3,
    "grandparent": 23
  }
},
{
  "model": "rest.child",
  "pk": 31,
  "fields": {
    "name": "Amy Duncan",
    "parent": 2,
    "grandparent": 3
  }
},
{
  "model": "rest.child",
  "pk": 32,
  "fields": {
    "name": "Steven Willis",
    "parent": 1,
    "grandparent": 23
  }
},
{
  "model": "rest.child",
  "pk": 33,
  "fields": {
    "name": "Lydia Lucas",
    "parent": 3,
    "grandparent": 23
  }
},
{
  "model": "rest.child",
  "pk": 34,
  "fields": {
    "name": "Michelle Oconnor",
    "parent": 2,
    "grandparent": 3
  }
},
{
  "model": "rest.child",
  "pk": 35,
  "fields": {
    "name": "Daniel Parker",
    "parent": 1,
    "grandparent": 23
  }
},
{
  "model": "rest.child",
  "pk": 36,
  "fields": {
    "name": "Mr. Robert Crane",
    "parent": 2,
    "grandparent": 3
  }
},
{
  "model": "rest.child",
  "pk": 37,
  "fields": {
    "name": "Rebecca Huang",
    "parent": 1,
    "grandparent": 23
  }
},
{
  "model": "rest.child",
  "pk": 38,
  "fields": {
    "name": "Gary Green",
    "parent": 1,
    "grandparent": 23
  }
},
{
  "model": "rest.child",
  "pk": 39,
  "fields": {
    "name": "Kim Johnson",
    "parent": 2,
    "grandparent": 3
  }
},
{
  "model": "rest.child",
  "pk": 40,
  "fields": {
    "name": "Robin Ryan",
    "parent": 2,
    "grandparent": 3
  }
},
{
  "model": "rest.child",
  "pk": 41,
  "fields": {
    "name": "Nancy Hess",
    "parent": 1,
    "grandparent": 23
  }
},
{
  "model": "rest.child",
  "pk": 42,
  "fields": {
    "name": "Brandon Castaneda",
    "parent": 2,
    "grandparent": 3
  }
},
{
  "model": "rest.child",
  "pk": 43,
  "fields": {
    "name": "Joshua Waller",
    "parent": 3,
    "grandparent": 23
  }
},
{
  "model": "rest.child",
  "pk": 44,
  "fields": {
    "name": "Debbie Hess",
    "parent": 2,
    "grandparent": 3
  }
},
{
  "model": "rest.child",
  "pk": 45,
  "fields": {
    "name": "Sarah Gray",
    "parent": 2,
    "grandparent": 3
  }
},
{
  "model": "rest.child",
  "pk": 46,
  "fields": {
    "name": "Billy Arnold",
    "parent": 1,
    "grandparent": 23
  }
},
{
  "model": "rest.child",
  "pk": 47,
  "fields": {
    "name": "Julie Lee",
    "parent": 3,
    "grandparent": 23
  }
},
{
  "model": "rest.child",
  "pk": 48,
  "fields": {
    "name": "Michael Cook",
    "parent": 1,
    "grandparent": 23
  }
},
{
  "model": "rest.child",
  "pk": 49,
  "fields": {
    "name": "Monica Lin",
    "parent": 2,
    "grandparent": 3
  }
},
{
  "model": "rest.child",
  "pk": 50,
  "fields": {
    "name": "John Huynh",
    "parent": 1,
    "grandparent": 23
  }
},
{
  "model": "rest.child",
  "pk": 51,
  "fields": {
    "name": "Cynthia Burke",
    "parent": 2,
    "grandparent": 3
  }
},
{
  "model": "rest.child",
  "pk": 52,
  "fields": {
    "name": "Kevin Yang",
    "parent": 2,
    "grandparent": 3
  }
},
{
  "model": "rest.child",
  "pk": 53,
  "fields": {
    "name": "Richard Merritt",
    "parent": 3,
    "grandparent": 23
  }
},
{
  "model": "rest.child",
  "pk": 54,
  "fields": {
    "name": "Stephanie Roberts",
    "parent": 2,
    "grandparent": 3
  }
},
{
  "model": "rest.child",
  "pk": 55,
  "fields": {
    "name": "Scott Greene",
    "parent": 1,
    "grandparent": 23
  }
},
{
  "model": "rest.child",
  "pk": 56,
  "fields": {
    "name": "Veronica Smith",
    "parent": 3,
    "grandparent": 23
  }
},
{
  "model": "rest.child",
  "pk": 57,
  "fields": {
    "name": "Erin Proctor",
    "parent": 3,
    "grandparent": 23
  }
},
{
  "model": "rest.child",
  "pk": 58,
  "fields": {
    "name": "Thomas Gonzalez",
    "parent": 1,
    "grandparent": 23
  }
},
{
  "model": "rest.child",
  "pk": 59,
  "fields": {
    "name": "Victoria Byrd",
    "parent": 1,
    "grandparent": 23
  }
},
{
  "model": "rest.child",
  "pk": 60,
  "fields": {
    "name": "Daniel Fisher",
    "parent": 1,
    "grandparent": 23
  }
},
{
  "model": "rest.child",
  "pk": 61,
  "fields": {
    "name": "Yvonne Leon",
    "parent": 2,
    "grandparent": 3
  }
},
{
  "model": "rest.child",
  "pk": 62,
  "fields": {
    "name": "Michael Smith",
    "parent": 3,
    "grandparent": 23
  }
},
{
  "model": "rest.child",
  "pk": 63,
  "fields": {
    "name": "Megan Harris",
    "parent": 2,
    "grandparent": 3
  }
},
{
  "model": "rest.child",
  "pk": 64,
  "fields": {
    "name": "Jeffrey Bishop",
    "parent": 1,
    "grandparent": 23
  }
},
{
  "model": "rest.child",
  "pk": 65,
  "fields": {
    "name": "Kelly Barnes",
    "parent": 3,
    "grandparent": 23
  }
},
{
  "model": "rest.child",
  "pk": 66,
  "fields": {
    "name": "Jason Acosta",
    "parent": 2,
    "grandparent": 3
  }
},
{
  "model": "rest.child",
  "pk": 67,
  "fields": {
    "name": "Diane Khan",
    "parent": 2,
    "grandparent": 3
  }
},
{
  "model": "rest.child",
  "pk": 68,
  "fields": {
    "name": "Justin Oconnor",
    "parent": 1,
    "grandparent": 23
  }
},
{
  "model": "rest.child",
  "pk": 69,
  "fields": {
    "name": "Michael Mata",
    "parent": 1,
    "grandparent": 23
  }
},
{
  "model": "rest.child",
  "pk": 70,
  "fields": {
    "name": "Linda Campbell",
    "parent": 1,
    "grandparent": 23
  }
},
{
  "model": "rest.child",
  "pk": 71,
  "fields": {
    "name": "Caroline Acevedo",
    "parent": 2,
    "grandparent": 3
  }
},
{
  "model": "rest.child",
  "pk": 72,
  "fields": {
    "name": "Phillip Richard",
    "parent": 2,
    "grandparent": 3
  }
},
{
  "model": "rest.child",
  "pk": 73,
  "fields": {
    "name": "Brittney Ball",
    "parent": 2,
    "grandparent": 3
  }
},
{
  "model": "rest.child",
  "pk": 74,
  "fields": {
    "name": "James Bowen",
    "parent": 2,
    "grandparent": 3
  }
},
{
  "model": "rest.child",
  "pk": 75,
  "fields": {
    "name": "James Torres",
    "parent": 1,
    "grandparent": 23
  }
},
{
  "model": "rest.child",
  "pk": 76,
  "fields": {
    "name": "Rachel Bryan",
    "parent": 3,
    "grandparent": 23
  }
},
{
  "model": "rest.child",
  "pk": 77,
  "fields": {
    "name": "Lori Contreras",
    "parent": 1,
    "grandparent": 23
  }
},
{
  "model": "rest.child",
  "pk": 78,
  "fields": {
    "name": "Gregory Marshall",
    "parent": 2,
    "grandparent": 3
  }
},
{
  "model": "rest.child",
  "pk": 79,
  "fields": {
    "name": "Todd Pineda",
    "parent": 2,
    "grandparent": 3
  }
},
{
  "model": "rest.child",
  "pk": 80,
  "fields": {
    "name": "Rebecca Baker",
    "parent": 1,
    "grandparent": 23
  }
},
{
  "model": "rest.child",
  "pk": 81,
  "fields": {
    "name": "James Williams",
    "parent": 2,
    "grandparent": 3
  }
},
{
  "model": "rest.child",
  "pk": 82,
  "fields": {
    "name": "Brian Schultz",
    "parent": 2,
    "grandparent": 3
  }
},
{
  "model": "rest.child",
  "pk": 83,
  "fields": {
    "name": "Kaitlyn Davis",
    "parent": 1,
    "grandparent": 23
  }
},
{
  "model": "rest.child",
  "pk": 84,
  "fields": {
    "name": "Danny Dickerson",
    "parent": 1,
    "grandparent": 23
  }
},
{
  "model": "rest.child",
  "pk": 85,
  "fields": {
    "name": "Teresa Becker",
    "parent": 3,
    "grandparent": 23
  }
},
{
  "model": "rest.child",
  "pk": 86,
  "fields": {
    "name": "Trevor Cameron",
    "parent": 2,
    "grandparent": 3
  }
},
{
  "model": "rest.child",
  "pk": 87,
  "fields": {
    "name": "Patricia Ferguson",
    "parent": 3,
    "grandparent": 23
  }
},
{
  "model": "rest.child",
  "pk": 88,
  "fields": {
    "name": "Courtney Reid",
    "parent": 1,
    "grandparent": 23
  }
},
{
  "model": "rest.child",
  "pk": 89,
  "fields": {
    "name": "Amy Calderon PhD",
    "parent": 3,
    "grandparent": 23
  }
},
{
  "model": "rest.child",
  "pk": 90,
  "fields": {
    "name": "Andrea Ford",
    "parent": 1,
    "grandparent": 23
  }
},
{
  "model": "rest.child",
  "pk": 91,
  "fields": {
    "name": "Keith George",
    "parent": 2,
    "grandparent": 3
  }
},
{
  "model": "rest.child",
  "pk": 92,
  "fields": {
    "name": "James Hines",
    "parent": 3,
    "grandparent": 23
  }
},
{
  "model": "rest.child",
  "pk": 93,
  "fields": {
    "name": "Kevin Johnson",
    "parent": 1,
    "grandparent": 23
  }
},
{
  "model": "rest.child",
  "pk": 94,
  "fields": {
    "name": "Wanda Rose",
    "parent": 1,
    "grandparent": 23
  }
},
{
  "model": "rest.child",
  "pk": 95,
  "fields": {
    "name": "Tanya Hopkins",
    "parent": 3,
    "grandparent": 23
  }
},
{
  "model": "rest.child",
  "pk": 96,
  "fields": {
    "name": "Denise Swanson",
    "parent": 2,
    "grandparent": 3
  }
},
{
  "model": "rest.child",
  "pk": 97,
  "fields": {
    "name": "Denise Schultz",
    "parent": 1,
    "grandparent": 23
  }
},
{
  "model": "rest.child",
  "pk": 98,
  "fields": {
    "name": "Abigail James",
    "parent": 2,
    "grandparent": 3
  }
},
{
  "model": "rest.child",
  "pk": 99,
  "fields": {
    "name": "Scott Johnson",
    "parent": 1,
    "grandparent": 23
  }
},
{
  "model": "rest.child",
  "pk": 100,
  "fields": {
    "name": "Charles Pineda",
    "parent": 1,
    "grandparent": 23
  }
}
]
